Country Name,Country Code,Indicator Name,Indicator Code,Year,CO2_Mt_CO2e
Germany,DEU,Carbon dioxide (CO2) emissions (total) excluding LULUCF (Mt CO2e),EN.GHG.CO2.MT.CE.AR5,1970,1084.1188
Germany,DEU,Carbon dioxide (CO2) emissions (total) excluding LULUCF (Mt CO2e),EN.GHG.CO2.MT.CE.AR5,1971,1077.0031
Germany,DEU,Carbon dioxide (CO2) emissions (total) excluding LULUCF (Mt CO2e),EN.GHG.CO2.MT.CE.AR5,1972,1104.9335
Germany,DEU,Carbon dioxide (CO2) emissions (total) excluding LULUCF (Mt CO2e),EN.GHG.CO2.MT.CE.AR5,1973,1157.3697
Germany,DEU,Carbon dioxide (CO2) emissions (total) excluding LULUCF (Mt CO2e),EN.GHG.CO2.MT.CE.AR5,1974,1122.1624
Germany,DEU,Carbon dioxide (CO2) emissions (total) excluding LULUCF (Mt CO2e),EN.GHG.CO2.MT.CE.AR5,1975,1060.2282
Germany,DEU,Carbon dioxide (CO2) emissions (total) excluding LULUCF (Mt CO2e),EN.GHG.CO2.MT.CE.AR5,1976,1122.5887
Germany,DEU,Carbon dioxide (CO2) emissions (total) excluding LULUCF (Mt CO2e),EN.GHG.CO2.MT.CE.AR5,1977,1101.0901
Germany,DEU,Carbon dioxide (CO2) emissions (total) excluding LULUCF (Mt CO2e),EN.GHG.CO2.MT.CE.AR5,1978,1138.955
Germany,DEU,Carbon dioxide (CO2) emissions (total) excluding LULUCF (Mt CO2e),EN.GHG.CO2.MT.CE.AR5,1979,1189.1071
Germany,DEU,Carbon dioxide (CO2) emissions (total) excluding LULUCF (Mt CO2e),EN.GHG.CO2.MT.CE.AR5,1980,1135.2202
Germany,DEU,Carbon dioxide (CO2) emissions (total) excluding LULUCF (Mt CO2e),EN.GHG.CO2.MT.CE.AR5,1981,1099.568
Germany,DEU,Carbon dioxide (CO2) emissions (total) excluding LULUCF (Mt CO2e),EN.GHG.CO2.MT.CE.AR5,1982,1053.7098
Germany,DEU,Carbon dioxide (CO2) emissions (total) excluding LULUCF (Mt CO2e),EN.GHG.CO2.MT.CE.AR5,1983,1069.2294
Germany,DEU,Carbon dioxide (CO2) emissions (total) excluding LULUCF (Mt CO2e),EN.GHG.CO2.MT.CE.AR5,1984,1085.415
Germany,DEU,Carbon dioxide (CO2) emissions (total) excluding LULUCF (Mt CO2e),EN.GHG.CO2.MT.CE.AR5,1985,1085.9982
Germany,DEU,Carbon dioxide (CO2) emissions (total) excluding LULUCF (Mt CO2e),EN.GHG.CO2.MT.CE.AR5,1986,1079.8576
Germany,DEU,Carbon dioxide (CO2) emissions (total) excluding LULUCF (Mt CO2e),EN.GHG.CO2.MT.CE.AR5,1987,1071.914
Germany,DEU,Carbon dioxide (CO2) emissions (total) excluding LULUCF (Mt CO2e),EN.GHG.CO2.MT.CE.AR5,1988,1065.6207
Germany,DEU,Carbon dioxide (CO2) emissions (total) excluding LULUCF (Mt CO2e),EN.GHG.CO2.MT.CE.AR5,1989,1050.4333
Germany,DEU,Carbon dioxide (CO2) emissions (total) excluding LULUCF (Mt CO2e),EN.GHG.CO2.MT.CE.AR5,1990,1012.7016
Germany,DEU,Carbon dioxide (CO2) emissions (total) excluding LULUCF (Mt CO2e),EN.GHG.CO2.MT.CE.AR5,1991,991.7193
Germany,DEU,Carbon dioxide (CO2) emissions (total) excluding LULUCF (Mt CO2e),EN.GHG.CO2.MT.CE.AR5,1992,937.793
Germany,DEU,Carbon dioxide (CO2) emissions (total) excluding LULUCF (Mt CO2e),EN.GHG.CO2.MT.CE.AR5,1993,929.3273
Germany,DEU,Carbon dioxide (CO2) emissions (total) excluding LULUCF (Mt CO2e),EN.GHG.CO2.MT.CE.AR5,1994,915.2494
Germany,DEU,Carbon dioxide (CO2) emissions (total) excluding LULUCF (Mt CO2e),EN.GHG.CO2.MT.CE.AR5,1995,910.4733
Germany,DEU,Carbon dioxide (CO2) emissions (total) excluding LULUCF (Mt CO2e),EN.GHG.CO2.MT.CE.AR5,1996,939.3546
Germany,DEU,Carbon dioxide (CO2) emissions (total) excluding LULUCF (Mt CO2e),EN.GHG.CO2.MT.CE.AR5,1997,907.4824
Germany,DEU,Carbon dioxide (CO2) emissions (total) excluding LULUCF (Mt CO2e),EN.GHG.CO2.MT.CE.AR5,1998,906.6052
Germany,DEU,Carbon dioxide (CO2) emissions (total) excluding LULUCF (Mt CO2e),EN.GHG.CO2.MT.CE.AR5,1999,870.6639
Germany,DEU,Carbon dioxide (CO2) emissions (total) excluding LULUCF (Mt CO2e),EN.GHG.CO2.MT.CE.AR5,2000,871.3847
Germany,DEU,Carbon dioxide (CO2) emissions (total) excluding LULUCF (Mt CO2e),EN.GHG.CO2.MT.CE.AR5,2001,885.4745
Germany,DEU,Carbon dioxide (CO2) emissions (total) excluding LULUCF (Mt CO2e),EN.GHG.CO2.MT.CE.AR5,2002,869.9404
Germany,DEU,Carbon dioxide (CO2) emissions (total) excluding LULUCF (Mt CO2e),EN.GHG.CO2.MT.CE.AR5,2003,877.913
Germany,DEU,Carbon dioxide (CO2) emissions (total) excluding LULUCF (Mt CO2e),EN.GHG.CO2.MT.CE.AR5,2004,863.3895
Germany,DEU,Carbon dioxide (CO2) emissions (total) excluding LULUCF (Mt CO2e),EN.GHG.CO2.MT.CE.AR5,2005,841.7481
Germany,DEU,Carbon dioxide (CO2) emissions (total) excluding LULUCF (Mt CO2e),EN.GHG.CO2.MT.CE.AR5,2006,855.4482
Germany,DEU,Carbon dioxide (CO2) emissions (total) excluding LULUCF (Mt CO2e),EN.GHG.CO2.MT.CE.AR5,2007,826.5971
Germany,DEU,Carbon dioxide (CO2) emissions (total) excluding LULUCF (Mt CO2e),EN.GHG.CO2.MT.CE.AR5,2008,829.9111
Germany,DEU,Carbon dioxide (CO2) emissions (total) excluding LULUCF (Mt CO2e),EN.GHG.CO2.MT.CE.AR5,2009,768.1326
Germany,DEU,Carbon dioxide (CO2) emissions (total) excluding LULUCF (Mt CO2e),EN.GHG.CO2.MT.CE.AR5,2010,814.962
Germany,DEU,Carbon dioxide (CO2) emissions (total) excluding LULUCF (Mt CO2e),EN.GHG.CO2.MT.CE.AR5,2011,788.1211
Germany,DEU,Carbon dioxide (CO2) emissions (total) excluding LULUCF (Mt CO2e),EN.GHG.CO2.MT.CE.AR5,2012,800.0321
Germany,DEU,Carbon dioxide (CO2) emissions (total) excluding LULUCF (Mt CO2e),EN.GHG.CO2.MT.CE.AR5,2013,817.8158
Germany,DEU,Carbon dioxide (CO2) emissions (total) excluding LULUCF (Mt CO2e),EN.GHG.CO2.MT.CE.AR5,2014,778.7527
Germany,DEU,Carbon dioxide (CO2) emissions (total) excluding LULUCF (Mt CO2e),EN.GHG.CO2.MT.CE.AR5,2015,784.9143
Germany,DEU,Carbon dioxide (CO2) emissions (total) excluding LULUCF (Mt CO2e),EN.GHG.CO2.MT.CE.AR5,2016,789.2489
Germany,DEU,Carbon dioxide (CO2) emissions (total) excluding LULUCF (Mt CO2e),EN.GHG.CO2.MT.CE.AR5,2017,774.4767
Germany,DEU,Carbon dioxide (CO2) emissions (total) excluding LULUCF (Mt CO2e),EN.GHG.CO2.MT.CE.AR5,2018,746.6974
Germany,DEU,Carbon dioxide (CO2) emissions (total) excluding LULUCF (Mt CO2e),EN.GHG.CO2.MT.CE.AR5,2019,696.5002
Germany,DEU,Carbon dioxide (CO2) emissions (total) excluding LULUCF (Mt CO2e),EN.GHG.CO2.MT.CE.AR5,2020,642.0878
Germany,DEU,Carbon dioxide (CO2) emissions (total) excluding LULUCF (Mt CO2e),EN.GHG.CO2.MT.CE.AR5,2021,670.667
Germany,DEU,Carbon dioxide (CO2) emissions (total) excluding LULUCF (Mt CO2e),EN.GHG.CO2.MT.CE.AR5,2022,658.0886
